<?xml version="1.0" encoding="UTF-8"?>
<opml version="1.0">
	<head>
		<title>Sage OPML Export</title>
	</head>
	<body>
		<outline text="Sage Feeds">
			<outline text="GIS 2">
				<outline type="rss" text="GIS for Archaeology and CRM" title="GIS for Archaeology and CRM" xmlUrl="http://feeds.feedburner.com/GisForArchaeologyAndCrm"/>
				<outline type="rss" text="Google Earth Enterprise Blog" title="Google Earth Enterprise Blog" xmlUrl="http://google-earth-enterprise-blog.blogspot.com/atom.xml"/>
				<outline type="rss" text="Chandu Thota's WebLog" title="Chandu Thota's WebLog" xmlUrl="http://blogs.msdn.com/cthota/rss.xml"/>
				<outline type="rss" text="Chris' GISmo's" title="Chris' GISmo's" xmlUrl="http://chris.narx.net/?feed=rss2"/>
				<outline type="rss" text="christian spanring, spatial" title="christian spanring, spatial" xmlUrl="http://feeds.feedburner.com/SpanringSpatial"/>
				<outline type="rss" text="import cartography" title="import cartography" xmlUrl="http://zcologia.com/news/rdf10_xml"/>
				<outline type="rss" text="Into The Pudding" title="Into The Pudding" xmlUrl="http://cholmes.wordpress.com/tag/geospatial/feed/"/>
				<outline type="rss" text="James Fee GIS Blog" title="James Fee GIS Blog" xmlUrl="http://feeds.feedburner.com/SpatiallyAdjusted"/>
				<outline type="rss" text="Kosmos of G.I.S." title="Kosmos of G.I.S." xmlUrl="http://kosmosofgis.wordpress.com/feed/"/>
				<outline type="rss" text="Let's Push Things Forward" title="Let's Push Things Forward" xmlUrl="http://feeds.feedburner.com/LetsPushThingsForward"/>
				<outline type="rss" text="LordKingSquirrel.com" title="LordKingSquirrel.com" xmlUrl="http://feeds.feedburner.com/Lordkingsquirrelcom"/>
				<outline type="rss" text="Mapdex Blog" title="Mapdex Blog" xmlUrl="http://www.mapdex.org/blog/rss.cfm"/>
				<outline type="rss" text="Mapping Hacks" title="Mapping Hacks" xmlUrl="http://mappinghacks.com/feed/"/>
				<outline type="rss" text="mateusz.loskot.net" title="mateusz.loskot.net" xmlUrl="http://mateusz.loskot.net/feed/"/>
				<outline type="rss" text="Matt Priour : Dot Net Without a Net" title="Matt Priour : Dot Net Without a Net" xmlUrl="http://priour.wordpress.com/feed/"/>
				<outline type="rss" text="nateirwin.net" title="nateirwin.net" xmlUrl="http://feeds.feedburner.com/NateIrwin"/>
				<outline type="rss" text="NovaGeomatics Blog" title="NovaGeomatics Blog" xmlUrl="http://blog.novageomatics.com/?feed=rss2"/>
				<outline type="rss" text="Ogle Earth" title="Ogle Earth" xmlUrl="http://feeds.ogleearth.com/ogleearth"/>
				<outline type="rss" text="OpenGeoData" title="OpenGeoData" xmlUrl="http://www.opengeodata.org/?feed=rss2"/>
				<outline type="rss" text="Paolo Corti's Blog" title="Paolo Corti's Blog" xmlUrl="http://www.paolocorti.net/?feed=rss2"/>
				<outline type="rss" text="PerryGeo" title="PerryGeo" xmlUrl="http://www.perrygeo.net/wordpress/?feed=rss2"/>
				<outline type="rss" text="Planet Geospatial" title="Planet Geospatial" xmlUrl="http://feeds.feedburner.com/PlanetGeospatial"/>
				<outline type="rss" text="All Points Blog" title="All Points Blog" xmlUrl="http://www.allpointsblog.com/feeds/index.rss2"/>
				<outline type="rss" text="ArcDeveloper.net" title="ArcDeveloper.net" xmlUrl="http://feeds.feedburner.com/ArcDeveloper"/>
				<outline type="rss" text="ArcDex [GIS2.0]" title="ArcDex [GIS2.0]" xmlUrl="http://feeds.feedburner.com/blogspot/QcKd"/>
				<outline type="rss" text="Between the Poles" title="Between the Poles" xmlUrl="http://geospatial.blogs.com/geospatial/index.rdf"/>
				<outline type="rss" text="Bull's rambles" title="Bull's rambles" xmlUrl="http://feeds.feedburner.com/bullsworld"/>
				<outline type="rss" text="California Soil Resource Lab -" title="California Soil Resource Lab -" xmlUrl="http://casoilresource.lawr.ucdavis.edu/drupal/node/feed"/>
				<outline type="rss" text="Anything Geospatial - AnyGeo 2.0" title="Anything Geospatial - AnyGeo 2.0" xmlUrl="http://gisuser.blogspot.com/rss.xml"/>
				<outline type="rss" text="Brian Flood" title="Brian Flood" xmlUrl="http://www.spatialdatalogic.com/cs/blogs/brian_flood/rss.aspx"/>
				<outline type="rss" text="Cartography" title="Cartography" xmlUrl="http://ccablog.blogspot.com/atom.xml"/>
				<outline type="rss" text="Directions Magazine - Top Stories" title="Directions Magazine - Top Stories" xmlUrl="http://www.directionsmag.com/feed/rdf/top_stories.xml"/>
				<outline type="rss" text="EntchevDotCom 2.0" title="EntchevDotCom 2.0" xmlUrl="http://blog.entchev.com/rss2.aspx"/>
				<outline type="rss" text="ESRI Wisconsin User Group" title="ESRI Wisconsin User Group" xmlUrl="http://www.ewug.org/blog/rss.xml"/>
				<outline type="rss" text="ESRI.com - News" title="ESRI.com - News" xmlUrl="http://www.esri.com/news/rss/rss.xml"/>
				<outline type="rss" text="EVS-Islands" title="EVS-Islands" xmlUrl="http://feeds.feedburner.com/Evs-islands"/>
				<outline type="rss" text="FANTOM PLANET" title="FANTOM PLANET" xmlUrl="http://feeds.feedburner.com/FantomPlanet"/>
				<outline type="rss" text="Flat Out GIS" title="Flat Out GIS" xmlUrl="http://www.buscherhood.com/spatialblog/wp-rss2.php"/>
				<outline type="rss" text="Galdos Systems Inc" title="Galdos Systems Inc" xmlUrl="http://www.galdosinc.com/feed/"/>
				<outline type="rss" text="Geographic Information Systems (GIS) GeoBlog" title="Geographic Information Systems (GIS) GeoBlog" xmlUrl="http://www.gis-geoblog.blogspot.com/rss.xml"/>
				<outline type="rss" text="GeoInformatics Magazine Feed" title="GeoInformatics Magazine Feed" xmlUrl="http://www.geoinformatics.com/asp/rss.asp"/>
				<outline type="rss" text="geometrybag" title="geometrybag" xmlUrl="http://geometrybag.wordpress.com/feed/"/>
				<outline type="rss" text="GEOPlace.com News Feed" title="GEOPlace.com News Feed" xmlUrl="http://www.geoplace.com/RSS/GeoFeed.xml"/>
				<outline type="rss" text="GeoRSS blog" title="GeoRSS blog" xmlUrl="http://www.georss.org/blog/?feed=rss2"/>
				<outline type="rss" text="Geospatial news from Ames, Iowa" title="Geospatial news from Ames, Iowa" xmlUrl="http://hobu.biz/index_html/RSS"/>
				<outline type="rss" text="Geospatial Semantic Web Blog" title="Geospatial Semantic Web Blog" xmlUrl="http://www.geospatialsemanticweb.com/feed/"/>
				<outline type="rss" text="Geo-Web" title="Geo-Web" xmlUrl="http://geoweb.blog.com/rss/"/>
				<outline type="rss" text="GIS Blog" title="GIS Blog" xmlUrl="http://www.cadmaps.com/atom10.xml"/>
				<outline type="rss" text="GISUser.com - The complete GIS, LBS, and Geospatial Technology Resource" title="GISUser.com - The complete GIS, LBS, and Geospatial Technology Resource" xmlUrl="http://www.gisuser.com/index2.php?option=com_rss&amp;no_html=1"/>
				<outline type="rss" text="Google Earth Blog" title="Google Earth Blog" xmlUrl="http://www.gearthblog.com/index.xml"/>
				<outline type="rss" text="Chris' GISmo's" title="Chris' GISmo's" xmlUrl="http://chris.narx.net/feed/"/>
				<outline type="rss" text="MAPuser.com - The Community Resource for Surveying, Measurement, and Positioning" title="MAPuser.com - The Community Resource for Surveying, Measurement, and Positioning" xmlUrl="http://www.mapuser.com/index2.php?option=com_rss&amp;no_html=1"/>
				<outline type="rss" text="Mapy.cz" title="Mapy.cz" xmlUrl="http://blog.lide.cz/mapy.cz/rss.xml"/>
				<outline type="rss" text="nabito.net" title="nabito.net" xmlUrl="http://www.nabito.net/?feed=rss2"/>
				<outline type="rss" text="Navigovat.cz" title="Navigovat.cz" xmlUrl="http://navigovat.mobilmania.cz/system/rss.xml"/>
				<outline type="rss" text="OGC News Feed" title="OGC News Feed" xmlUrl="http://portal.opengeospatial.org/rss/newsfeed.rss"/>
				<outline type="rss" text="Spatially Enabled" title="Spatially Enabled" xmlUrl="http://www.spatiallyenabled.com/rss.xml"/>
				<outline type="rss" text="The ArcPad Team Blog" title="The ArcPad Team Blog" xmlUrl="http://arcpadteam.blogspot.com/rss.xml"/>
				<outline type="rss" text="Vector One" title="Vector One" xmlUrl="http://geovisualisation.com/WordPress/wp-rss2.php"/>
				<outline type="rss" text="Very Spatial" title="Very Spatial" xmlUrl="http://veryspatial.com/?feed=rss2"/>
				<outline type="rss" text="ѕcrарраd" title="ѕcrарраd" xmlUrl="http://se7en.co.nz/cms/scrappad/rss.aspx"/>
				<outline type="rss" text="cfis: Category GIS" title="cfis: Category GIS" xmlUrl="http://cfis.savagexi.com/xml/rss/category/gis/feed.xml"/>
				<outline type="rss" text="Computing, GIS and Archaeology in the UK" title="Computing, GIS and Archaeology in the UK" xmlUrl="http://archaeogeek.wordpress.com/feed/"/>
				<outline type="rss" text="Quantum GIS Blog - Dev-Speak and other QGIS Ramblings..." title="Quantum GIS Blog - Dev-Speak and other QGIS Ramblings..." xmlUrl="http://blog.qgis.org/?q=rss.xml"/>
				<outline type="rss" text="Random Nodes" title="Random Nodes" xmlUrl="http://feeds.feedburner.com/RandomNodes"/>
				<outline type="rss" text="Rise and Shout" title="Rise and Shout" xmlUrl="http://feeds.feedburner.com/MyEsri"/>
				<outline type="rss" text="ROK Technologies ESRI Developer Blog" title="ROK Technologies ESRI Developer Blog" xmlUrl="http://www.roktech.net/devblog/rss.cfm?mode=short"/>
				<outline type="rss" text="Russ Nelson : gis" title="Russ Nelson : gis" xmlUrl="http://blog.russnelson.com/gis/index.atom"/>
				<outline type="rss" text="Shock's News Network" title="Shock's News Network" xmlUrl="http://feeds.feedburner.com/shockfire"/>
				<outline type="rss" text="slashgeo: PlanetGS" title="slashgeo: PlanetGS" xmlUrl="http://planetgs.slashgeo.org/planetgs.rss"/>
				<outline type="rss" text="Spatial Galaxy" title="Spatial Galaxy" xmlUrl="http://spatialgalaxy.net/?feed=rss2"/>
				<outline type="rss" text="Spatial Ireland" title="Spatial Ireland" xmlUrl="http://feeds.feedburner.com/si/"/>
				<outline type="rss" text="SpatialGuru" title="SpatialGuru" xmlUrl="http://spatialguru.com/index.php?option=com_rss&amp;feed=RSS1.0&amp;no_html=1"/>
				<outline type="rss" text="Spatially Enabled" title="Spatially Enabled" xmlUrl="http://feeds.feedburner.com/typepad/spatiallyenabled/blog"/>
				<outline type="rss" text="Steve's Little world" title="Steve's Little world" xmlUrl="http://thesteve0.wordpress.com/feed/"/>
				<outline type="rss" text="The ArcPad Team Blog" title="The ArcPad Team Blog" xmlUrl="http://arcpadteam.blogspot.com/rss.xml"/>
				<outline type="rss" text="The Earth Is Square" title="The Earth Is Square" xmlUrl="http://feeds.feedburner.com/TheEarthIsSquare"/>
				<outline type="rss" text="The Eicher GIS Blog" title="The Eicher GIS Blog" xmlUrl="http://www.eicher-gis.com/Blog/rss.xml"/>
				<outline type="rss" text="The Geo Factor" title="The Geo Factor" xmlUrl="http://www.thegeofactor.com/feed/"/>
				<outline type="rss" text="The Map Room" title="The Map Room" xmlUrl="http://feeds.feedburner.com/maproom"/>
				<outline type="rss" text="The Memory Leak" title="The Memory Leak" xmlUrl="http://ambergis.com/blog/?feed=rss2"/>
				<outline type="rss" text="think" title="think" xmlUrl="http://think.random-stuff.org/FrontPage/rss"/>
				<outline type="rss" text="tommy's scratchpad" title="tommy's scratchpad" xmlUrl="http://www.kralidis.ca/blog/feed/"/>
				<outline type="rss" text="Topology Errors" title="Topology Errors" xmlUrl="http://feeds.feedburner.com/TopologyErrors"/>
				<outline type="rss" text="Via Virtual Earth Blog" title="Via Virtual Earth Blog" xmlUrl="http://www.viavirtualearth.com/VVE/Blog/1/Rss.ashx"/>
				<outline type="rss" text="Virtual Earth, a developer blog" title="Virtual Earth, a developer blog" xmlUrl="http://blogs.msdn.com/virtualearth/rss.xml"/>
				<outline type="rss" text="Dave Bouwman" title="Dave Bouwman" xmlUrl="http://feeds.feedburner.com/DaveBouwman"/>
				<outline type="rss" text="Declan Butler, reporter" title="Declan Butler, reporter" xmlUrl="http://declanbutler.info/blog/?feed=rss2"/>
				<outline type="rss" text="Digital Earth Weblog" title="Digital Earth Weblog" xmlUrl="http://www.digitalearth.com.au/feed/"/>
				<outline type="rss" text="Windows Live Local / Virtual Earth" title="Windows Live Local / Virtual Earth" xmlUrl="http://virtualearth.spaces.live.com/feed.rss"/>
			</outline>
		</outline>
	</body>
</opml>